{
  "collapse-filter": false,
  "search": "",
  "showTags": false,
  "showAttachments": false,
  "hideUnresolved": false,
  "showOrphans": true,
  "collapse-color-groups": false,
  "colorGroups": [],
  "collapse-display": false,
  "showArrow": true,
  "textFadeMultiplier": -2,
  "nodeSizeMultiplier": 1.50364583333333,
  "lineSizeMultiplier": 3.59635416666667,
  "collapse-forces": true,
  "centerStrength": 0.34375,
  "repelStrength": 13.4895833333333,
  "linkStrength": 1,
  "linkDistance": 313,
  "scale": 0.8380185774046522,
  "close": true
}