{
  "main": {
    "id": "d4a5bfe9f3f17040",
    "type": "split",
    "children": [
      {
        "id": "1a4a78b2b43762f0",
        "type": "tabs",
        "children": [
          {
            "id": "3b7f070c4217a5af",
            "type": "leaf",
            "state": {
              "type": "markdown",
              "state": {
                "file": "tools/Logistic Regression.md",
                "mode": "source",
                "source": false
              },
              "icon": "lucide-file",
              "title": "Logistic Regression"
            }
          }
        ]
      }
    ],
    "direction": "vertical"
  },
  "left": {
    "id": "85d15a1904413c9e",
    "type": "split",
    "children": [
      {
        "id": "d005cdc48ea737bc",
        "type": "tabs",
        "children": [
          {
            "id": "bad83d8900cb38e4",
            "type": "leaf",
            "state": {
              "type": "file-explorer",
              "state": {
                "sortOrder": "alphabetical",
                "autoReveal": false
              },
              "icon": "lucide-folder-closed",
              "title": "Files"
            }
          },
          {
            "id": "777d1de3b85036bb",
            "type": "leaf",
            "state": {
              "type": "search",
              "state": {
                "query": "",
                "matchingCase": false,
                "explainSearch": false,
                "collapseAll": false,
                "extraContext": false,
                "sortOrder": "alphabetical"
              },
              "icon": "lucide-search",
              "title": "Search"
            }
          },
          {
            "id": "e4917d7bd8cba46d",
            "type": "leaf",
            "state": {
              "type": "bookmarks",
              "state": {},
              "icon": "lucide-bookmark",
              "title": "Bookmarks"
            }
          }
        ]
      }
    ],
    "direction": "horizontal",
    "width": 300
  },
  "right": {
    "id": "a45e95f661aeac1f",
    "type": "split",
    "children": [
      {
        "id": "c751fb7430517acb",
        "type": "tabs",
        "children": [
          {
            "id": "5da10215de7fa39c",
            "type": "leaf",
            "state": {
              "type": "backlink",
              "state": {
                "file": "tools/Linear Regression.md",
                "collapseAll": false,
                "extraContext": false,
                "sortOrder": "alphabetical",
                "showSearch": false,
                "searchQuery": "",
                "backlinkCollapsed": false,
                "unlinkedCollapsed": true
              },
              "icon": "links-coming-in",
              "title": "Backlinks for Linear Regression"
            }
          },
          {
            "id": "e87363300ce5b065",
            "type": "leaf",
            "state": {
              "type": "outgoing-link",
              "state": {
                "file": "tools/Linear Regression.md",
                "linksCollapsed": false,
                "unlinkedCollapsed": true
              },
              "icon": "links-going-out",
              "title": "Outgoing links from Linear Regression"
            }
          },
          {
            "id": "e8896fe992735a21",
            "type": "leaf",
            "state": {
              "type": "tag",
              "state": {
                "sortOrder": "frequency",
                "useHierarchy": true,
                "showSearch": false,
                "searchQuery": ""
              },
              "icon": "lucide-tags",
              "title": "Tags"
            }
          },
          {
            "id": "b9b90c6d7e41e400",
            "type": "leaf",
            "state": {
              "type": "outline",
              "state": {
                "file": "tools/Linear Regression.md",
                "followCursor": false,
                "showSearch": false,
                "searchQuery": ""
              },
              "icon": "lucide-list",
              "title": "Outline of Linear Regression"
            }
          }
        ]
      }
    ],
    "direction": "horizontal",
    "width": 300,
    "collapsed": true
  },
  "left-ribbon": {
    "hiddenItems": {
      "switcher:Open quick switcher": false,
      "graph:Open graph view": false,
      "canvas:Create new canvas": false,
      "daily-notes:Open today's daily note": false,
      "templates:Insert template": false,
      "command-palette:Open command palette": false
    }
  },
  "active": "3b7f070c4217a5af",
  "lastOpenFiles": [
    "tools/Linear Regression.md",
    "tools/Logistic Regression.md",
    "tools/Gradient Descent.md",
    "Supervised Learning.md",
    "%Welcome to Machine Learning Course%.md",
    "tools/Polynomial Regression.md",
    "tools/Linear Classification.md",
    "tools/Ridge Regression.md",
    "Pasted image 20250718205351.png",
    "Pasted image 20250718205258.png",
    "Pasted image 20250718205235.png",
    "Pasted image 20250715161107.png",
    "Markov and Graphical Models.md",
    "Feature Engineering.md",
    "Active Learning & RL.md",
    "Clustering.md",
    "Dimension Reduction.md",
    "Pasted image 20250717221848.png",
    "Model Evaluation and Choice.md",
    "tools",
    "LR vs. MLE.md",
    "Unsupervised Learning.md"
  ]
}